<?xml version="1.0" encoding="UTF-8"?>
<project-private xmlns="http://www.netbeans.org/ns/project-private/1">
    <editor-bookmarks xmlns="http://www.netbeans.org/ns/editor-bookmarks/2" lastBookmarkId="0"/>
    <open-files xmlns="http://www.netbeans.org/ns/projectui-open-files/2">
        <group>
            <file>file:/D:/uni/2nd%20Year,%202ns%20Term/Java/OOP_Final_Exam/Q003final/src/Pokemon.java</file>
            <file>file:/D:/uni/2nd%20Year,%202ns%20Term/Java/OOP_Final_Exam/Q003final/src/PokemonService.java</file>
            <file>file:/D:/uni/2nd%20Year,%202ns%20Term/Java/OOP_Final_Exam/Q003final/src/PokemonSpAttackComparator.java</file>
            <file>file:/D:/uni/2nd%20Year,%202ns%20Term/Java/OOP_Final_Exam/Q003final/src/NewJFrame.java</file>
        </group>
    </open-files>
</project-private>
