<?xml version="1.0" encoding="UTF-8"?>
<project-private xmlns="http://www.netbeans.org/ns/project-private/1">
    <editor-bookmarks xmlns="http://www.netbeans.org/ns/editor-bookmarks/2" lastBookmarkId="0"/>
    <open-files xmlns="http://www.netbeans.org/ns/projectui-open-files/2">
        <group>
            <file>file:/D:/uni/2nd%20Year,%202ns%20Term/Java/6321600261_Lecture09_quiz2/src/pkg6321600261_lecture09_quiz2/Subject.java</file>
            <file>file:/D:/uni/2nd%20Year,%202ns%20Term/Java/6321600261_Lecture09_quiz2/src/pkg6321600261_lecture09_quiz2/Main.java</file>
        </group>
    </open-files>
</project-private>
