<?xml version="1.0" encoding="UTF-8"?>
<project-private xmlns="http://www.netbeans.org/ns/project-private/1">
    <editor-bookmarks xmlns="http://www.netbeans.org/ns/editor-bookmarks/2" lastBookmarkId="0"/>
    <open-files xmlns="http://www.netbeans.org/ns/projectui-open-files/2">
        <group>
            <file>file:/D:/uni/2nd%20Year,%202ns%20Term/Java/Lecture%2010%20Quiz2/src/lecture/pkg10/quiz2/Lecture10Quiz2.java</file>
            <file>file:/D:/uni/2nd%20Year,%202ns%20Term/Java/Lecture%2010%20Quiz2/src/lecture/pkg10/quiz2/Subject.java</file>
        </group>
    </open-files>
</project-private>
