<?xml version="1.0" encoding="UTF-8"?>
<project-private xmlns="http://www.netbeans.org/ns/project-private/1">
    <editor-bookmarks xmlns="http://www.netbeans.org/ns/editor-bookmarks/2" lastBookmarkId="0"/>
    <open-files xmlns="http://www.netbeans.org/ns/projectui-open-files/2">
        <group>
            <file>file:/D:/uni/2nd%20Year,%202ns%20Term/Java/6321600261%20Lecture%2013%20Lab%20Quiz/src/PokemonNameEnglishComparator.java</file>
            <file>file:/D:/uni/2nd%20Year,%202ns%20Term/Java/6321600261%20Lecture%2013%20Lab%20Quiz/src/PokemonService.java</file>
            <file>file:/D:/uni/2nd%20Year,%202ns%20Term/Java/6321600261%20Lecture%2013%20Lab%20Quiz/src/PokemonTest.java</file>
            <file>file:/D:/uni/2nd%20Year,%202ns%20Term/Java/6321600261%20Lecture%2013%20Lab%20Quiz/src/PokemonDefenseComparator.java</file>
            <file>file:/D:/uni/2nd%20Year,%202ns%20Term/Java/6321600261%20Lecture%2013%20Lab%20Quiz/src/PokemonAttackComparator.java</file>
            <file>file:/D:/uni/2nd%20Year,%202ns%20Term/Java/6321600261%20Lecture%2013%20Lab%20Quiz/src/Pokemon.java</file>
        </group>
    </open-files>
</project-private>
